,tweets,date,time,id
0,"#ESKOMFREESTATE #MEDIAALERT

A fault on Nala Local Municipality's electrical network has led to a loss of supply to… https://t.co/xCdeyxJ8Il",2019-11-30 00:00:00.0000000,2020-03-07 17:12:43.0000000,1
1,"#POWERALERT 1
Date: 29 November 2019

No loadshedding expected today, despite a constrained and vulnerable system https://t.co/1uY3251eGJ",2019-11-29 00:00:00.0000000,2020-03-07 06:56:21.0000000,2
2,"RT @CityPowerJhb: #RandburgOutage City Power is currently experiencing power outage in Greater Randburg. Affecting:
Cresta 
Darrenwood
Wind…",2019-11-28 00:00:00.0000000,2020-03-07 13:34:41.0000000,3
3,"Before leaving the office this afternoon, heading off into the weekend, remember to switch off lights &amp; electrical… https://t.co/Jug75zddaF",2019-11-29 00:00:00.0000000,2020-03-07 12:33:36.0000000,4
4,"#ESKOMFREESTATE #MEDIASTATEMENT : ESKOM SUSPENDS PLANNED ELECTRICITY SUPPLY INTERRUPTIONS TO 
MANGAUNG METROPOLITAN… https://t.co/MtBo6gjcte",2019-11-29 00:00:00.0000000,2020-03-07 12:17:43.0000000,5
5,"#EskomGauteng #PowerOutage - Sandton area

Eskom customers in Sandton and surrounding areas are experiencing a powe… https://t.co/7mWMdEqhVd",2019-11-28 00:00:00.0000000,2020-03-07 13:26:30.0000000,6
6,RT @Exposcience: #FridayMotivation #EskomExpoISF Eskom Expo for Young Scientists in Gauteng hosted a science camp at Jiyana Secondary Schoo…,2019-11-29 00:00:00.0000000,2020-03-07 11:27:56.0000000,7
7,RT @EngNewsZA: [PART 3]:  @Eskom_SA Announces Interim Results for the six months to 30 September 2019 | #Eskom https://t.co/WlX9B5mq0a,2019-11-28 00:00:00.0000000,2020-03-07 13:13:08.0000000,8
8,@maxon_hadebe @CityofJoburgZA Please log a call on MyEskom Customer App https://t.co/99xBTCodMz . The app provides a reference number.,2019-11-29 00:00:00.0000000,2020-03-07 09:12:47.0000000,9
9,"It is a criminal offence to break or steal covers of meter boxes, sub-stations or other Eskom property.  Making con… https://t.co/y6lug0Ju4b",2019-11-28 00:00:00.0000000,2020-03-07 16:41:05.0000000,10
10,RT @EngNewsZA: [WATCH]:  @Eskom_SA Announces Interim Results for the six months to 30 September 2019 | #Eskom https://t.co/7SB9woD0K3,2019-11-28 00:00:00.0000000,2020-03-07 13:13:13.0000000,11
11,RT @EngNewsZA: [PART 2]:  @Eskom_SA Announces Interim Results for the six months to 30 September 2019 | #Eskom https://t.co/QdmiUTsnrN,2019-11-28 00:00:00.0000000,2020-03-07 13:12:50.0000000,12
12,"#EskomMediaStatement : Eskom results indicate some positive financial performance for the first half of the year, a… https://t.co/zZMEmTotxa",2019-11-28 00:00:00.0000000,2020-03-07 12:50:07.0000000,13
13,"#JabuMabuza : While a net profit of R1.3 billion was realised by September, a R20 billion loss is projected by year… https://t.co/9otWn8KhT5",2019-11-28 00:00:00.0000000,2020-03-07 12:34:03.0000000,14
14,"In view of the arrear debt by municipalities and individual users, which continues to escalate, it is encouraging t… https://t.co/ni8GpGQvLW",2019-11-28 00:00:00.0000000,2020-03-07 12:25:11.0000000,15
15,Eskom requires a cost-reflective tariff increase. It is for this reason that we are challenging Nersa’s recent tari… https://t.co/oqbQRlJqcC,2019-11-28 00:00:00.0000000,2020-03-07 12:23:32.0000000,16
16,- The approval and launching of the Special Paper on Eskom have set the tone for the restructure of Eskom within a… https://t.co/WrdPwErPn1,2019-11-28 00:00:00.0000000,2020-03-07 12:15:01.0000000,17
17,- The promulgation of the Integrated Resource Plan (IRP) set the base for much-needed policy direction in the futur… https://t.co/crpcb7QguH,2019-11-28 00:00:00.0000000,2020-03-07 12:13:24.0000000,18
18,RT @Eskom_SA: Eskom customers are requested to log a service request call on MyEskom Customer App https://t.co/99xBTCodMz  . The app provid…,2019-11-28 00:00:00.0000000,2020-03-07 10:47:08.0000000,19
19,"RT @OverstrandMuni: We are currently experiencing a power outage in PEARLY BEACH due to a cable fault. 
Power is estimated to be restored a…",2019-11-28 00:00:00.0000000,2020-03-07 10:06:38.0000000,20
20,"RT @CityPowerJhb: UPDATE: Distributor supplying Westbury North tripped, Affected areas: Westbury Ext.2
Westbury Ext.3
Newclare
Westbury and…",2019-11-28 00:00:00.0000000,2020-03-07 10:04:45.0000000,21
21,"RT @EskomFoundation: As we get closer to announcing the #EskomBIC winner, we can't help but reminisce about The forum we hosted early last…",2019-11-28 00:00:00.0000000,2020-03-07 09:31:52.0000000,22
22,RT @CityPowerJhb: #NoorwykPlannedOutage in progress until 17h00. Crescent Wood Estate is affected. We apologise for any inconvenience cause…,2019-11-28 00:00:00.0000000,2020-03-07 09:21:31.0000000,23
23,"RT @CityPowerJhb: UPDATE: #GresswoldOutage Bramley Gardens distributor tripped, Causing a total loss of  supply in:
Bramely Park
Wynberg
Br…",2019-11-28 00:00:00.0000000,2020-03-07 09:21:12.0000000,24
24,Happening today: Eskom to present interim results for six months ended 30 September 2019 https://t.co/pgcsvtg7pg,2019-11-28 00:00:00.0000000,2020-03-07 07:23:52.0000000,25
25,"#POWERALERT 1
Date: 28 November 2019

No loadshedding expected today, despite a constrained and vulnerable system https://t.co/Y0HtjQk2vI",2019-11-28 00:00:00.0000000,2020-03-07 05:48:58.0000000,26
26,@Pj_MOSES @CityPowerJhb @PJ_Moses Eskom is working on the fault affecting Parkmore. We still don't have an ETR at t… https://t.co/9lbI0mIFHy,2019-11-27 00:00:00.0000000,2020-03-07 17:22:53.0000000,27
27,"@SAWeatherServic has issued advisory alerts for a heatwave with persistently high temperatures expected in Limpopo,… https://t.co/SDJbraHTo8",2019-11-27 00:00:00.0000000,2020-03-07 11:53:05.0000000,28
28,"#EskomGauteng: Rivonia outage

Customers in Kudu Crescent and Eland Crescent are currently experiencing a power sup… https://t.co/Vn8EY2PAvU",2019-11-27 00:00:00.0000000,2020-03-07 09:16:47.0000000,29
29,RT @Exposcience: #WednesdayWisdom #EskomExpoISF Joshua Sylvain de Miranda from Tyger Valley College represented SA at #OKSEF in Turkey in J…,2019-11-27 00:00:00.0000000,2020-03-07 09:02:22.0000000,30
30,@No_H_in_Ismail Your query has been escalated to CS.,2019-11-27 00:00:00.0000000,2020-03-07 09:01:36.0000000,31
31,Do not interfere with or vandalise Eskom property. Report vandalism to Eskom on 08600 37566 (ESKOM) or @CrimeLineZA… https://t.co/ISVH53Vld6,2019-11-27 00:00:00.0000000,2020-03-07 08:59:45.0000000,32
32,Here are some tips on how to save electricity (and costs) during summer https://t.co/A8z6qrxqtm,2019-11-27 00:00:00.0000000,2020-03-07 07:20:45.0000000,33
33,"#EskomGauteng #PowerOutage  Sandton area

Eskom customers in Sandown and  surrounding areas are experiencing a powe… https://t.co/HDQgMosM7i",2019-11-27 00:00:00.0000000,2020-03-07 06:49:21.0000000,34
34,"#PowerAlert 1

Date: 27 November 2019

No loadshedding expected today, despite a constrained and vulnerable system… https://t.co/wComZnYNsM",2019-11-27 00:00:00.0000000,2020-03-07 06:41:21.0000000,35
35,#UseElectricitySmartly and lighten the load in your living rooms and bedrooms with these energy efficiency tips 👇🏽👇🏽 https://t.co/84NQolQNnD,2019-11-26 00:00:00.0000000,2020-03-07 16:08:19.0000000,36
36,@ElaineJack888 Call escalated to Customer Services,2019-11-26 00:00:00.0000000,2020-03-07 16:04:51.0000000,37
37,@Sandton_News @CityPowerJhb @SAPoliceService We can confirm that a man was electrocuted while allegedly tampering w… https://t.co/iRD60N91gZ,2019-11-26 00:00:00.0000000,2020-03-07 15:51:10.0000000,38
38,"#ChooseDay 

#SkaBaiza, say NO to unsafe electrical practices. https://t.co/RoMRVnwBb4",2019-11-26 00:00:00.0000000,2020-03-07 14:08:36.0000000,39
39,"#Eskom_MediaStatement : Eskom Medupi Unit 2 achieves commercial operation.

@IOL @ewnupdates @SAfmnews @SowetanLIVE… https://t.co/5JOJdlkCYS",2019-11-26 00:00:00.0000000,2020-03-07 12:09:47.0000000,40
40,President @CyrilRamaphosa signs the certificate for the Commercialization of Unit 2 of Medupi Power Plant. https://t.co/eEnvpnvCpF,2019-11-26 00:00:00.0000000,2020-03-07 11:37:12.0000000,41
41,"#EskomNorthWest to conduct an interactive presentation on """"""""How to do business with Eskom"""""""". See below invitation 👇👇👇 https://t.co/UKfwi1dykz",2019-11-26 00:00:00.0000000,2020-03-07 10:15:27.0000000,42
42,@mashiyanef Thanks.,2019-11-26 00:00:00.0000000,2020-03-07 09:34:06.0000000,43
43,RT @GwedeMantashe1: Viva to the workers at the Medupi Power Station. #InvestinSAEnergy #Khawuleza @Eskom_SA https://t.co/WhRoX74e9r,2019-11-26 00:00:00.0000000,2020-03-07 09:16:20.0000000,44
44,"RT @GwedeMantashe1: """"""""Coal will continue playing a critical role in Energy generation for our country. SA has enough coal for years to come.…",2019-11-26 00:00:00.0000000,2020-03-07 09:15:34.0000000,45
45,"RT @SAgovnews: He announces that #MedupiPowerPlant’s Unit 2 has this morning been commissioned. Unit 1, he adds, will be commissioned early…",2019-11-26 00:00:00.0000000,2020-03-07 09:15:18.0000000,46
46,"@mashiyanef Hi, please forward us your reference number and we will follow-up.",2019-11-26 00:00:00.0000000,2020-03-07 08:57:14.0000000,47
47,"RT @SAgovnews: He says it is great to see that there are many women workers at the plant. He says they are not just workers, but are also i…",2019-11-26 00:00:00.0000000,2020-03-07 08:50:59.0000000,48
48,"RT @SAgovnews: I want to repeat: we are not privatizing @Eskom_SA, we’ll just make it operate better so it can be in line with times and co…",2019-11-26 00:00:00.0000000,2020-03-07 08:47:39.0000000,49
49,"RT @SAgovnews: The President begins his address by honouring the workers at the plant, he says their contribution is recognized. “You have…",2019-11-26 00:00:00.0000000,2020-03-07 08:46:07.0000000,50
50,"RT @GwedeMantashe1: """"""""We are not going to privatise @Eskom_SA. We are not going to sell Eskom. Eskom will continue being owned by our govern…",2019-11-26 00:00:00.0000000,2020-03-07 08:44:43.0000000,51
51,RT @GCISMedia: #Khawuleza President Ramaphosa: Eskom is too important to the life of our country.@GovernmentZA @SAgovnews @LimpopoGcis,2019-11-26 00:00:00.0000000,2020-03-07 08:43:37.0000000,52
52,RT @GCISMedia: #Khawuleza President Ramaphosa: Government will continue to support Eskom. @GovernmentZA gov @SAgovnews @LimpopoGcis,2019-11-26 00:00:00.0000000,2020-03-07 08:43:37.0000000,53
53,"RT @SAgovnews: “We are not going to privatize Eskom. We are not going to sell Eskom. It’s like selling your family, we are not going to do…",2019-11-26 00:00:00.0000000,2020-03-07 08:43:37.0000000,54
54,RT @SAgovnews: President @CyrilRamaphosa has arrived at the venue. He is accompanied by @DPE_ZA Minister Pravin Gordhan and @Eskom_SA Chair…,2019-11-26 00:00:00.0000000,2020-03-07 08:38:37.0000000,55
55,President @CyrilRamaphosa addressing Medupi Power Station employees https://t.co/YkqmzEzVpz,2019-11-26 00:00:00.0000000,2020-03-07 08:35:09.0000000,56
56,RT @CyrilRamaphosa: Visit to Medupi Power Station #Eskom  https://t.co/R2DPMRqdtD,2019-11-26 00:00:00.0000000,2020-03-07 08:34:20.0000000,57
57,RT @GCISMedia: Thousands of Medupi employees gathered at Medupi power station where President Cyril Ramaphosa will address them.#Khawuleza…,2019-11-26 00:00:00.0000000,2020-03-07 08:33:56.0000000,58
58,RT @JacksonMthembu_: This morning we visited Eskom’s Medupi Power Station in Lephalale with President Ramaphosa &amp; Minister of Public Enterp…,2019-11-26 00:00:00.0000000,2020-03-07 08:33:38.0000000,59
59,RT @GCISMedia: President Cyril Ramaphosa is addressing members of the media at the handover (commercial operation) of unit 2 at Medupi powe…,2019-11-26 00:00:00.0000000,2020-03-07 08:14:06.0000000,60
60,RT @CyrilRamaphosa: Visit to Medupi Power Station #Khawuleza  https://t.co/nwi0KIKTSK,2019-11-26 00:00:00.0000000,2020-03-07 08:04:12.0000000,61
61,"RT @GovernmentZA: President Cyril Ramaphosa received by Minister of Public Enterprises,  Pravin Gordhan, Limpopo Premier  Stanley Mathabath…",2019-11-26 00:00:00.0000000,2020-03-07 07:59:15.0000000,62
62,RT @GCISMedia: President Cyril Ramaphosa arrived at Medupi power station for the tour ahead of the launch of District Development Model #Kh…,2019-11-26 00:00:00.0000000,2020-03-07 07:50:09.0000000,63
63,"RT @GCISMedia: #Khawuleza President Ramaphosa will also today, 26 November 2019 visit the Eskom’s Medupi Power Station where he will receiv…",2019-11-26 00:00:00.0000000,2020-03-07 07:09:45.0000000,64
64,RT @SAgovnews: President @CyrilRamaphosa is this morning at Eskom’s flagship Medupi power station. He will tour the plant and later address…,2019-11-26 00:00:00.0000000,2020-03-07 07:09:26.0000000,65
65,RT @MikeMaringa: President Ramaphosa will this morning go on a site inspection at the Medupi Power station and later address workers. #SABC…,2019-11-26 00:00:00.0000000,2020-03-07 06:50:49.0000000,66
66,"#PowerAlert 1

Date: 26 November 2019

No loadshedding expected today, despite a constrained and vulnerable system… https://t.co/ZwCoPR7Q8b",2019-11-26 00:00:00.0000000,2020-03-07 06:42:54.0000000,67
67,"#EskomKZN GM, Agnes Mlambo (top left) urged contractors to work safely and ethically during the annual Contractors… https://t.co/h14fJ6GQpC",2019-11-25 00:00:00.0000000,2020-03-07 16:59:10.0000000,68
68,Eskom customers are requested to log a service request call on MyEskom Customer App https://t.co/99xBTCodMz  . The… https://t.co/804JKColpR,2019-11-25 00:00:00.0000000,2020-03-07 16:21:44.0000000,69
69,"#InTheNews : Three caught trying to steal copper cables https://t.co/eA08tSLUkC by Roodepoort Record

Report cable… https://t.co/tnp7ORapw8",2019-11-25 00:00:00.0000000,2020-03-07 14:56:06.0000000,70
70,"#EskomEasternCape #MediaStatement

Update: Interruption of bulk electricity supply to Enoch Mgijima Local Municipal… https://t.co/3pzUZ4pNsx",2019-11-25 00:00:00.0000000,2020-03-07 13:45:23.0000000,71
71,"RT @ukinsouthafrica: Today we’re visiting Sere Wind farm, @Eskom_SA large-scale #Renewable energy project &amp; first planned site for  @Eskom_…",2019-11-25 00:00:00.0000000,2020-03-07 13:13:25.0000000,72
72,#ESKOMFREESTATE #MEDIASTATEMENT : ESKOM SERVES NOTICE TO STOP PROVISION OF ELECTRICITY SUPPLY SERVICES https://t.co/i2U2k87sUV,2019-11-25 00:00:00.0000000,2020-03-07 13:11:20.0000000,73
73,Illegal connections are a major issue. #Eskom + municipalities remove illegal connections daily but they are reconn… https://t.co/W7dwcFkxgP,2019-11-25 00:00:00.0000000,2020-03-07 12:41:49.0000000,74
74,#ESKOMNORTHWEST #MEDIASTATEMENT : NOTICE OF SUPPLY INTERRUPTION IN LICHTENBURG AREA https://t.co/7HfWVxLliT,2019-11-25 00:00:00.0000000,2020-03-07 12:21:21.0000000,75
75,Building under Eskom power lines poses a serious danger to the members of the community and is not permitted as hig… https://t.co/MhKpi7lsKr,2019-11-25 00:00:00.0000000,2020-03-07 10:41:06.0000000,76
76,#EskomEasternCape Provincial management is meeting with Contractors regarding issues that can assist in achieving i… https://t.co/5PpLVxbRyL,2019-11-25 00:00:00.0000000,2020-03-07 09:02:46.0000000,77
77,@Lacoste82554919 Please report your issue to our Customer Services Centre via one of the following channels 0860037… https://t.co/BXKkMr96kO,2019-11-25 00:00:00.0000000,2020-03-07 07:46:15.0000000,78
78,@tsekiBL Please report your issue to our Customer Services Centre via one of the following channels 0860037566 / SM… https://t.co/3vILkIp6bJ,2019-11-25 00:00:00.0000000,2020-03-07 07:35:59.0000000,79
79,@shaun_crisp Please call your service provider if experiencing a power failure. If serviced by #Eskom call 08600375… https://t.co/IWCF6cIXdZ,2019-11-25 00:00:00.0000000,2020-03-07 07:35:28.0000000,80
80,@Candi_man @Miziegee @CityPowerJhb Please call your service provider if experiencing a power failure. If serviced b… https://t.co/7w1PUzGKL7,2019-11-25 00:00:00.0000000,2020-03-07 07:34:46.0000000,81
81,@Miziegee Please call your service provider if experiencing a power failure. If serviced by #Eskom call 0860037566… https://t.co/K4iQTO92t2,2019-11-25 00:00:00.0000000,2020-03-07 07:34:03.0000000,82
82,RT @Exposcience: #MondayMotivation Shaylyn Dippen from Newcastle High School has been awarded a bursary from @Eskom_SA at #EskomExpoISF. Th…,2019-11-25 00:00:00.0000000,2020-03-07 07:33:28.0000000,83
83,"RT @Exposcience: #MondayMotivation For their #EskomExpoISF project, Mbavhalelo Sidimela &amp; Shifa Ismail from Mbilwi Secondary aimed to assis…",2019-11-25 00:00:00.0000000,2020-03-07 07:03:56.0000000,84
84,@Miziegee @CityPowerJhb please assist.,2019-11-25 00:00:00.0000000,2020-03-07 07:03:17.0000000,85
85,What to do &amp; what to look for when experiencing a power failure. Details: https://t.co/mAanpAEN8S,2019-11-25 00:00:00.0000000,2020-03-07 07:02:18.0000000,86
86,"#POWERALERT 1
Date: 25 November 2019

No loadshedding expected today, despite a constrained and vulnerable system https://t.co/5ljKHQVDd4",2019-11-25 00:00:00.0000000,2020-03-07 06:39:31.0000000,87
87,Overloading plugs can lead to overheating and fires. Last year we lost 117 lives to unsafe electricity use.… https://t.co/cF5veipKQ5,2019-11-24 00:00:00.0000000,2020-03-07 16:05:03.0000000,88
88,"It is a criminal offence to break or  steal covers of meter boxes, sub-stations or other Eskom property.  Making co… https://t.co/osxQA34tiq",2019-11-24 00:00:00.0000000,2020-03-07 13:42:14.0000000,89
89,@dalungstar @CityofJoburgZA Please report to Customer Services on 08600 37566,2019-11-24 00:00:00.0000000,2020-03-07 13:08:48.0000000,90
90,@PelisaS Please report to Customer Services  on 08600 37566,2019-11-24 00:00:00.0000000,2020-03-07 12:25:03.0000000,91
91,Watch and Share: Understanding your #ElectricityCosts https://t.co/9jbAqZ2yOg by @mayaonmoney #moneymatters,2019-11-24 00:00:00.0000000,2020-03-07 10:45:04.0000000,92
92,@2114f0aa68fb435 @CityofJoburgZA @CityPowerJhb Please report to Customer Services on 08600 37566,2019-11-24 00:00:00.0000000,2020-03-07 07:27:31.0000000,93
93,@d4zza No this is only for direct Eskom customers,2019-11-24 00:00:00.0000000,2020-03-07 06:58:11.0000000,94
94,"Register on our Eskom web Site or on our Mobile MyEskom Customer App (Available in the IOS, Windows and Android App… https://t.co/UBENddpOVn",2019-11-24 00:00:00.0000000,2020-03-07 06:41:21.0000000,95
95,RT @CityPowerJhb: REMINDER: Please be reminded of a planned outage in Hillbrow that will be implemented today at 8:00^BP https://t.co/MrCDW…,2019-11-24 00:00:00.0000000,2020-03-07 06:24:30.0000000,96
96,"RT @CityPowerJhb: UPDATE: Distributor supplying  Discovery ,Georgina, Creswell Park, Rand Leases, Hamberg and Florida Lake tripped. Technic…",2019-11-24 00:00:00.0000000,2020-03-07 06:24:21.0000000,97
97,"#POWERALERT 1
Date: 24 November 2019

No loadshedding expected today, despite a constrained and vulnerable system https://t.co/NwMbqLScFq",2019-11-24 00:00:00.0000000,2020-03-07 06:05:26.0000000,98
98,@didintle_mmokwa @KholiweMotlham1 Have you reported to Customer Services? Do you have a reference number?,2019-11-24 00:00:00.0000000,2020-03-07 06:03:23.0000000,99
99,@WordsAlchemy Please report to Customer Services on 08600 37566,2019-11-24 00:00:00.0000000,2020-03-07 05:51:31.0000000,100
100,@moitdheki Please report to Customer Services on 08600 37566,2019-11-24 00:00:00.0000000,2020-03-07 05:51:06.0000000,101
101,What to do &amp; what to look for when experiencing power failure. Details: https://t.co/mAanpAEN8S,2019-11-23 00:00:00.0000000,2020-03-07 16:13:28.0000000,102
102,@MiaPaulaRussell Your query has been escalated to Customer Services,2019-11-23 00:00:00.0000000,2020-03-07 14:23:01.0000000,103
103,DYK that you can report #poweroutages and meter error codes on MyEskom Customer App https://t.co/99xBTCodMz  ? The… https://t.co/KnpeOA1oLQ,2019-11-23 00:00:00.0000000,2020-03-07 13:39:47.0000000,104
104,#ElectricitySafety: Planning on doing some DIY around the house this weekend?? Check out these handy tips from… https://t.co/IajUGp8kAe,2019-11-23 00:00:00.0000000,2020-03-07 10:32:12.0000000,105
105,"@LebohangKP @CityPowerJhb Was this reported to Eskom? If not, pls call 0860037566",2019-11-23 00:00:00.0000000,2020-03-07 09:53:06.0000000,106
106,RT @Exposcience: #EskomExpoISF Fatima Kaka from Kismet Combined’s “Magnetic Turbulence” project was successful in generating electrical ene…,2019-11-23 00:00:00.0000000,2020-03-07 09:36:21.0000000,107
107,@Phezi_Mimi Pls forward us your reference number and we will follow-up,2019-11-23 00:00:00.0000000,2020-03-07 08:56:09.0000000,108
108,"#POWER ALERT 1

Date: 23 November 2019

No loadshedding expected today, despite a constrained and vulnerable system… https://t.co/ZVx80qRENy",2019-11-23 00:00:00.0000000,2020-03-07 07:49:16.0000000,109
109,@Daniel_P_Carey Pls DM your query and contact details.,2019-11-23 00:00:00.0000000,2020-03-07 06:39:14.0000000,110
110,Eskom prepaid customers are requested to direct all prepaid queries including meter error codes and faults to Custo… https://t.co/jO9Il3OYxi,2019-11-23 00:00:00.0000000,2020-03-07 06:38:22.0000000,111
111,@Daniel_P_Carey Pls use  MyEskom Customer App https://t.co/99xBTCodMz  to log a call. The system will provide you w… https://t.co/BYZr1FYWkc,2019-11-23 00:00:00.0000000,2020-03-07 06:14:31.0000000,112
112,@Brucee_011 DYK that you can report #poweroutages on MyEskom Customer App https://t.co/99xBTCodMz  ? The system wil… https://t.co/8s5VzalShm,2019-11-23 00:00:00.0000000,2020-03-07 06:13:55.0000000,113
113,@CliffShiko DYK that you can report #poweroutages on MyEskom Customer App https://t.co/99xBTCodMz  ? The system wil… https://t.co/3Jexj914HT,2019-11-23 00:00:00.0000000,2020-03-07 06:13:40.0000000,114
114,@Dwe_Zulu @denny49020249 @CityofJoburgZA Eskom is aware that some  customers from Kyalami are affected by a cable f… https://t.co/id4Z4W1Js4,2019-11-23 00:00:00.0000000,2020-03-07 06:12:34.0000000,115
115,"@StoneCJenny It will be attended today, customer reported at 20h57 last night, calls logged after 8pm are generally… https://t.co/Y2x9PKHiSy",2019-11-23 00:00:00.0000000,2020-03-07 06:07:56.0000000,116
116,@sw0702 Ext?,2019-11-23 00:00:00.0000000,2020-03-07 05:39:43.0000000,117
117,@Daniel_P_Carey Lines are working just fine. How can we help you?,2019-11-23 00:00:00.0000000,2020-03-07 05:37:01.0000000,118
118,"@CliffShiko Hi, did you log a call? If so, please forward us your reference number and we will follow-up",2019-11-23 00:00:00.0000000,2020-03-07 05:33:26.0000000,119
119,"@Kgothatso Hi, pls call 0860037566 to log a call.",2019-11-23 00:00:00.0000000,2020-03-07 05:32:10.0000000,120
120,@RutterGrant No eta as yet,2019-11-22 00:00:00.0000000,2020-03-07 17:01:16.0000000,121
121,@RutterGrant Barbeque downs has a cable fault which has 3 feeders off. Technicians are still on site trying to fix the fault.,2019-11-22 00:00:00.0000000,2020-03-07 16:28:25.0000000,122
122,@Jaxskaapie @ewnreporter @ewnupdates Barbeque downs has a cable fault which has 3 feeders off. Technicians are stil… https://t.co/NpbtYhfTZ2,2019-11-22 00:00:00.0000000,2020-03-07 16:27:20.0000000,123
123,@KershenReddy @Jaxskaapie @ewnreporter @ewnupdates Will enquire from Customer Services,2019-11-22 00:00:00.0000000,2020-03-07 16:09:40.0000000,124
124,Prepaid pricing is based on usage/ consumption rate. number to 35328 for assistance. For comprehensive information… https://t.co/2bUgrMnd9q,2019-11-22 00:00:00.0000000,2020-03-07 16:07:23.0000000,125
125,@lorelailette Is the area supplied by Eskom or @City_Ekurhuleni ?,2019-11-22 00:00:00.0000000,2020-03-07 15:59:52.0000000,126
126,@RutterGrant Is your power still off?,2019-11-22 00:00:00.0000000,2020-03-07 15:59:10.0000000,127
127,@Jaxskaapie @ewnreporter @ewnupdates Is the power still off?,2019-11-22 00:00:00.0000000,2020-03-07 15:58:46.0000000,128
128,@jabzero51 @MorningLiveSABC @SABCNewsOnline @SakinaKamwendo @AdvovoJr Thank you for the alert.  Relevant authorities have been informed,2019-11-22 00:00:00.0000000,2020-03-07 15:57:47.0000000,129
129,@MpholoTeboho Report your power outage to Customer Services on 08600 37566,2019-11-22 00:00:00.0000000,2020-03-07 14:20:45.0000000,130
130,"Before leaving the office this afternoon,  heading off into the weekend, remember to switch off lights &amp; electrical… https://t.co/AOsHfDIiLC",2019-11-22 00:00:00.0000000,2020-03-07 14:19:37.0000000,131
131,Here is a simple explanation to help you understand Eskom’s prepaid tariff structure for residential customers. Mun… https://t.co/pEDA6qy3xW,2019-11-22 00:00:00.0000000,2020-03-07 12:18:08.0000000,132
132,Cable theft is one of the main reasons for constant power outages. Report cable theft to @CrimeLineZA… https://t.co/Oo0BBBXg2V,2019-11-22 00:00:00.0000000,2020-03-07 10:47:50.0000000,133
133,"@brox209 You need to enquire with them, as Eskom is not loadshedding",2019-11-22 00:00:00.0000000,2020-03-07 10:07:53.0000000,134
134,"RT @CityPowerJhb: #Update Beyers Naude Gayfield distributor tripped affecting power supply in Randparkrif extensions and surroundings, oper…",2019-11-22 00:00:00.0000000,2020-03-07 10:07:01.0000000,135
135,#EskomLimpopo Customers in the Burgersfort area are experiencing electricity supply interruptions due to a fault at… https://t.co/AScFWes0X6,2019-11-22 00:00:00.0000000,2020-03-07 09:53:52.0000000,136
136,"@Oratile_Tshelo @CityTshwane @EFFSouthAfrica @TshwaneEff Good day, pls send us a reference number so that we can fo… https://t.co/WfAMk4ZmJr",2019-11-22 00:00:00.0000000,2020-03-07 09:10:24.0000000,137
137,RT @Exposcience: #FridayFeeling #EskomExpoISF Vuyo Nzimande from Mangaung Intermediate School in Qwaqwa incorporated the cultural aspects o…,2019-11-22 00:00:00.0000000,2020-03-07 09:08:33.0000000,138
138,Exposed electric wires is a number one cause of electrical fire hazards. The voltage that runs through homes is hig… https://t.co/WaqvtphDYz,2019-11-22 00:00:00.0000000,2020-03-07 08:38:04.0000000,139
139,"@Cgebs1Colinda Hi Colinda, please confirm area and province.",2019-11-22 00:00:00.0000000,2020-03-07 08:08:17.0000000,140
140,#Eskom_NorthWest Rustenburg Sector Update https://t.co/qAsbPvMuFh,2019-11-22 00:00:00.0000000,2020-03-07 07:47:42.0000000,141
141,"@miss_moss Hi, please call the call centre on 0860037566",2019-11-22 00:00:00.0000000,2020-03-07 07:15:34.0000000,142
142,@jabzero51 @MorningLiveSABC @SABCNewsOnline @SakinaKamwendo Thank you for the alert. Please report to Eskom crime l… https://t.co/50UcirMl0D,2019-11-22 00:00:00.0000000,2020-03-07 07:14:29.0000000,143
143,"#POWERALERT 1
Date: 22 November 2019

No loadshedding expected today, despite a constrained and vulnerable system https://t.co/pL3qkdRkV5",2019-11-22 00:00:00.0000000,2020-03-07 07:01:36.0000000,144
144,"To register a pre-paid meter, visit an Eskom office with the ID number of the person in whose name the meter is to… https://t.co/ndhdlyeNm5",2019-11-22 00:00:00.0000000,2020-03-07 06:58:37.0000000,145
145,Please call your service provider if experiencing a power failure. If serviced by Eskom call 0860037566 / SMS 35328… https://t.co/qjh8HrNVmE,2019-11-21 00:00:00.0000000,2020-03-07 16:24:48.0000000,146
146,@mzwandileMasina https://t.co/Ek3kt248K5,2019-11-21 00:00:00.0000000,2020-03-07 14:40:04.0000000,147
147,#DYK that it can be easy for households to save electricity (and costs) during summer as well as minimize the risk… https://t.co/gQry6bgILp,2019-11-21 00:00:00.0000000,2020-03-07 14:38:28.0000000,148
148,"#EskomLimpopo #MediaStatement

ALLDAYS ELECTRICITY SUPPLY OUTAGE https://t.co/eHkB3KMUdQ",2019-11-21 00:00:00.0000000,2020-03-07 13:09:05.0000000,149
149,#EskomGauteng partnered with the Sedibeng Disaster Management department and @Rand_Water  to create safety awarenes… https://t.co/1giA1lGJbT,2019-11-21 00:00:00.0000000,2020-03-07 12:48:00.0000000,150
150,Re-purposing of appliances is when an appliance that is meant for one use is changed to perform an alternative task… https://t.co/aH1Zqe1ARQ,2019-11-21 00:00:00.0000000,2020-03-07 11:14:31.0000000,151
151,@moiponemoabi Please report to Customer Services on 08600 37566,2019-11-21 00:00:00.0000000,2020-03-07 08:41:09.0000000,152
152,"#SkaBaiza. Low hanging and fallen cables can be live and dangerous. Never touch or move them!

Report these to Esko… https://t.co/91kKFvAfuw",2019-11-21 00:00:00.0000000,2020-03-07 08:39:28.0000000,153
153,@evxd Please note that this notice is legit and has been served on the municipality,2019-11-21 00:00:00.0000000,2020-03-07 07:33:46.0000000,154
154,Being #energyefficient in the office is simple with these easy tips. #UseElectricitySmartly and minimise the risk o… https://t.co/3hvScTcpvV,2019-11-21 00:00:00.0000000,2020-03-07 06:32:22.0000000,155
155,"#POWERALERT 1
Date: 21 November 2019

No loadshedding expected today, despite a constrained and vulnerable system https://t.co/XgwdUh3ivD",2019-11-21 00:00:00.0000000,2020-03-07 06:02:15.0000000,156
156,"RT @CityPowerJhb: UPDATE: Beyers Naude Prince distributor tripped, Causing a total loss of supply in Windsor,Windsor West &amp; surrounds.  Tec…",2019-11-20 00:00:00.0000000,2020-03-07 18:05:14.0000000,157
157,"RT @CityPowerJhb: #update: Distributor supplying Alexandra Ext.5,Far East Bank Ext.1 and Marlboro is tripped.Technical team on route we apo…",2019-11-20 00:00:00.0000000,2020-03-07 18:04:30.0000000,158
158,RT @CityPowerJhb: #UPDATE JG Strydom distributor is tripped causing total loss of power in weltevredenpark ext and surrounding.Technicians…,2019-11-20 00:00:00.0000000,2020-03-07 18:04:15.0000000,159
159,Have you tried the ‘MyEskom Customer App’ https://t.co/k5uCB1kg9i? Convenience at your fingertips to report power o… https://t.co/sPkv6neuvV,2019-11-20 00:00:00.0000000,2020-03-07 16:37:49.0000000,160
160,"#EskomNorthernCape  Contractor Forum

Reiteration of Safety and Compliance messaging and reflecting on the past yea… https://t.co/BAmRYkzviX",2019-11-20 00:00:00.0000000,2020-03-07 15:28:02.0000000,161
161,@Marumofase77 @SABCNewsOnline @IOL @eNCA @ewnupdates @TheCitizen_News @News24 @SAgovnews @AfricaNews24_7 Yes the nu… https://t.co/MoN2rAK4QG,2019-11-20 00:00:00.0000000,2020-03-07 14:53:56.0000000,162
162,#EskomKZN hosted an information sharing session with KZN Top Customers. It was an opportunity to engage meaningfull… https://t.co/EGjrQa7GFM,2019-11-20 00:00:00.0000000,2020-03-07 14:49:40.0000000,163
163,"When you are at home, you spend most of your time in your living areas and bedrooms. Many ‘switch off ’ habits and… https://t.co/kmFCYbTsgI",2019-11-20 00:00:00.0000000,2020-03-07 14:28:12.0000000,164
164,#ICYMI FAKE NEWS ALERT https://t.co/puFHTfLOEJ,2019-11-20 00:00:00.0000000,2020-03-07 14:17:59.0000000,165
165,RT @Exposcience: Why waste water? Tshepang Hlalele &amp; Mbali Masoka from Leseding Technical Secondary School investigated the amount of water…,2019-11-20 00:00:00.0000000,2020-03-07 14:01:55.0000000,166
166,#EskomLimpopo :  Customers in  Mantsole area are experiencing electricity supply interruptions due to a fault on th… https://t.co/UEVSFPYizo,2019-11-20 00:00:00.0000000,2020-03-07 13:57:02.0000000,167
167,"RT @CityPowerJhb: UPDATE: RegionF
#HuddonPlannedOutage Please take note of planned power interruption on Friday 22 Nov 2019 from 08h00 unti…",2019-11-20 00:00:00.0000000,2020-03-07 13:26:30.0000000,168
168,#PublicSafety: Make sure that you and your family know how to work with electricity safely at home… https://t.co/adNN5us9Kn,2019-11-20 00:00:00.0000000,2020-03-07 12:19:17.0000000,169
169,Eskom's Visitors Centres’ facilities include interactive models on electricity generation. Presentations are tailor… https://t.co/iwx5jhUBQP,2019-11-20 00:00:00.0000000,2020-03-07 10:29:07.0000000,170
170,"#Eskom connected 400 houses and in the process of connecting 1700 more.

#Eskom #PoweringYourWorld

@David_Makhura… https://t.co/RC9lT6okF8",2019-11-20 00:00:00.0000000,2020-03-07 10:25:20.0000000,171
171,@ArthurGodbeer Is the power restored as yet?,2019-11-20 00:00:00.0000000,2020-03-07 10:07:59.0000000,172
172,@MuthambiPaulina @SABCNewsOnline @IOL @eNCA @ewnupdates @TheCitizen_News @News24 @SAgovnews @AfricaNews24_7 Is the power restored as yet?,2019-11-20 00:00:00.0000000,2020-03-07 10:07:41.0000000,173
173,RT @GP_DHS: The @GautengProvince made a commitment to electrify the area in order to avoid any harm that could be caused by illegal connect…,2019-11-20 00:00:00.0000000,2020-03-07 10:00:09.0000000,174
174,RT @EskomFoundation: Bright and early start to the day with the #SimamaRanta2019 finalists as we make our way to Victoria Yards. Today thes…,2019-12-05 00:00:00.0000000,2020-03-07 07:45:18.0000000,175
175,RT @EskomFoundation: Last night learners from all over South Africa represented their schools in true style at the 10th annual #SimamaRanta…,2019-12-04 00:00:00.0000000,2020-03-07 14:16:23.0000000,176
176,@raywhitesa Noted,2019-12-03 00:00:00.0000000,2020-03-07 09:49:50.0000000,177
177,RT @CityPowerJhb: #WestfieldPlannedOutage in progress  until 16:00. Please note it's necessary to do essential to do maintenance work on ou…,2019-11-28 00:00:00.0000000,2020-03-07 09:21:23.0000000,178
178,How to be electricity smart at home  https://t.co/SdquIJFzZQ https://t.co/Oh1YSjd6xP,2019-11-30 00:00:00.0000000,2020-03-07 16:56:31.0000000,179
179,Eskom customers are requested to log a service request call on MyEskom Customer App https://t.co/99xBTCodMz  . The… https://t.co/e5vy4si6bS,2019-11-30 00:00:00.0000000,2020-03-07 13:50:59.0000000,180
180,#DYK that Eskom’s Ingula Pumped Storage Scheme and its associated land has been formally declared as a nature reser… https://t.co/tB9eC8kpsj,2019-11-30 00:00:00.0000000,2020-03-07 11:00:22.0000000,181
181,"#POWERALERT 1
Date: 30 November 2019

No loadshedding expected today, despite a constrained and vulnerable system https://t.co/5qAtmbfTLP",2019-11-30 00:00:00.0000000,2020-03-07 07:50:56.0000000,182
182,#ElectricitySafety: Planning on doing some DIY around the house this weekend? Check out these handy tips from… https://t.co/joU7xwVoFQ,2019-11-30 00:00:00.0000000,2020-03-07 07:16:22.0000000,183
183,Please call your service provider if experiencing a power failure. If serviced by Eskom call 0860037566 / SMS 35328… https://t.co/KPJzBg53Gy,2019-11-29 00:00:00.0000000,2020-03-07 16:37:01.0000000,184
184,What happens when you overload the electricity supply point: https://t.co/S6I3RlGMj0 …,2019-11-29 00:00:00.0000000,2020-03-07 14:08:36.0000000,185
185,@BongaDlulane Please send an email to mediadesk@eskom.co.za,2019-11-29 00:00:00.0000000,2020-03-07 12:50:54.0000000,186
186,@saucy_mamiie Pls log a call on 0860037566,2019-11-29 00:00:00.0000000,2020-03-07 12:46:53.0000000,187
187,@BongaDlulane Query escalated to media desk.,2019-11-29 00:00:00.0000000,2020-03-07 12:46:10.0000000,188
188,@IamGladstone @CityPowerJhb @HermanMashaba The outage is due to cable theft. Technicians dispatched to site. No ETR..,2019-11-29 00:00:00.0000000,2020-03-07 11:28:40.0000000,189
189,#EskomMpumalanga hosted a Supplier Development and Localisation workshop in Eerstehoek where 18 local business owne… https://t.co/bYugbjn1Ko,2019-11-29 00:00:00.0000000,2020-03-07 11:07:18.0000000,190
190,"@Magudulela_M Hi,  Please log a call on MyEskom Customer App https://t.co/99xBTCodMz . The app provides a reference number.",2019-11-29 00:00:00.0000000,2020-03-07 09:08:33.0000000,191
191,RT @Exposcience: #FridayThoughts Norman Mashiri from Dr Joseph Shabalala School received the top ICT project award from @SiemensAfrica in p…,2019-11-29 00:00:00.0000000,2020-03-07 09:08:12.0000000,192
192,@Magudulela_M Please report your issue to our Customer Services Centre via one of the following channels 0860037566… https://t.co/WJrPE6rYpn,2019-11-29 00:00:00.0000000,2020-03-07 08:55:19.0000000,193
193,@maxon_hadebe @CityofJoburgZA Please report your issue to our Customer Services Centre via one of the following cha… https://t.co/3eedDrTuc4,2019-11-29 00:00:00.0000000,2020-03-07 08:53:33.0000000,194
194,#EskomNorthWest Supplier Development and Localisation (SDL) Department engaged up and coming entrepreneurs from Mah… https://t.co/qU2gPvzCmP,2019-11-29 00:00:00.0000000,2020-03-07 08:33:17.0000000,195
195,"RT @EskomFoundation: Co-founder &amp; CEO of @LamoSolar, which installs solar power systems in rural communities, @tshibvumo_s joined the Engin…",2019-11-29 00:00:00.0000000,2020-03-07 07:44:48.0000000,196
196,RT @EskomFoundation: A big thank you goes out to all the partners and stakeholders that assisted in making tonight’s #EskomBIC2019 Awards a…,2019-12-04 00:00:00.0000000,2020-03-07 20:01:13.0000000,197
197,"RT @EskomFoundation: After much deliberation, the moment we've all been waiting for is finally upon us and we're happy to announce the much…",2019-12-04 00:00:00.0000000,2020-03-07 20:01:02.0000000,198
198,RT @EskomFoundation: We are just moments away from the BIG #EskomBIC2019 Overall Winner. Stay tuned! https://t.co/wExOUn3yAM,2019-12-04 00:00:00.0000000,2020-03-07 19:14:05.0000000,199
199,"RT @EskomFoundation: Tonight's entertainment brought to our guests by the amazing Groove Masters. 
#EskomBIC2019 https://t.co/eMxX0ln68G",2019-12-04 00:00:00.0000000,2020-03-07 18:49:54.0000000,200
200,"RT @EskomFoundation: Winner of the Manufacturing Sector: 
Winner: Ramtsilo https://t.co/hmbmWLpcYC",2019-12-04 00:00:00.0000000,2020-03-07 18:31:00.0000000,201
201,"RT @EskomFoundation: Agriculture and Agri-processing Sector: 
2nd Runner-up: Setšong Tea Crafters
#EskomBIC2019 https://t.co/JBFvqmUtun",2019-12-04 00:00:00.0000000,2020-03-07 18:30:54.0000000,202
202,"RT @EskomFoundation: Agriculture and Agri-processing Sector: 
1st Runner-up: Tesselaarsdal Wines Pty Ltd 
#EskomBIC2019 https://t.co/BdXqhO…",2019-12-04 00:00:00.0000000,2020-03-07 18:30:50.0000000,203
203,"RT @EskomFoundation: Winner of the Agriculture and Agri-processing Sector:  
Blouberg Animal Health Services 
#EskomBIC2019 https://t.co/4n…",2019-12-04 00:00:00.0000000,2020-03-07 18:30:41.0000000,204
204,"RT @EskomFoundation: Trade &amp; Services Sector: 
2nd Runner-up: CS Security
#EskomBIC2019 https://t.co/BiPZrNlb0m",2019-12-04 00:00:00.0000000,2020-03-07 18:30:35.0000000,205
205,"RT @EskomFoundation: Trade &amp; Services Sector: 
1st Runner-up: Atlegang Business Consulting  
#EskomBIC2019 https://t.co/akzdVQxcR0",2019-12-04 00:00:00.0000000,2020-03-07 18:30:29.0000000,206
206,"RT @EskomFoundation: Manufacturing Sector: 
1st Runner-up: LMN Health and Wellness Solutions Pty Ltd https://t.co/Go21xCsUS3",2019-12-04 00:00:00.0000000,2020-03-07 18:13:53.0000000,207
207,"RT @EskomFoundation: Manufacturing Sector: 
2nd Runner-up: Bona Once Bona Twice Drums https://t.co/sLKja6ge35",2019-12-04 00:00:00.0000000,2020-03-07 18:13:45.0000000,208
208,"RT @EskomFoundation: Winner of the Engineering &amp; Construction Sector:  
 Epitome Consulting https://t.co/qGmIPnECvC",2019-12-04 00:00:00.0000000,2020-03-07 18:13:41.0000000,209
209,"RT @EskomFoundation: Engineering &amp; Construction Sector: 
1st Runner-up: Impumelelo Yamakhosikazi 
#EskomBIC2019 https://t.co/gGQidrO0Cs",2019-12-04 00:00:00.0000000,2020-03-07 18:06:06.0000000,210
210,"RT @EskomFoundation: The winners for this years #EskomBIC2019 are, 
Engineering &amp; Construction Sector: 
2nd Runner-up: AM Engineering Consu…",2019-12-04 00:00:00.0000000,2020-03-07 18:06:01.0000000,211
211,"RT @EskomFoundation: Some words of wisdom from Professor Tshepo Mongalo before handing out of the #EskomBIC2019 Awards. 
“It has become con…",2019-12-04 00:00:00.0000000,2020-03-07 17:42:22.0000000,212
212,"RT @EskomFoundation: """"Tonight, we celebrate a great milestone in the business sector."""" 
Officially opening and welcoming our guests to the…",2019-12-04 00:00:00.0000000,2020-03-07 17:33:19.0000000,213
213,RT @EskomFoundation: The #EskomBIC2019 is officially underway. Remember to tune into our social pages to see who the category and overall w…,2019-12-04 00:00:00.0000000,2020-03-07 17:15:44.0000000,214
214,"RT @EskomFoundation: Meet our #EskomBIC2019 host @HulisaniRavele. The night is young, so make sure you're tuned in to our social media page…",2019-12-04 00:00:00.0000000,2020-03-07 17:02:33.0000000,215
215,RT @EskomFoundation: Spotted! @tshibvumo_s with @AkiSpeax and friend ready to enjoy tonight's #EskomBIC2019. https://t.co/ubvVXuHxFg,2019-12-04 00:00:00.0000000,2020-03-07 17:02:26.0000000,216
216,RT @EskomFoundation: The day we've all been waiting for has finally arrived. In a few hours we'll be announcing the much anticipated #Eskom…,2019-12-04 00:00:00.0000000,2020-03-07 16:23:21.0000000,217
217,What to do and what to look for when experiencing a power failure. Details: https://t.co/mAanpAEN8S https://t.co/Hww3W0JWv1,2019-12-04 00:00:00.0000000,2020-03-07 16:23:14.0000000,218
218,What to do and what to look for when experiencing a power failure. Details: https://t.co/mAanpAEN8S,2019-12-04 00:00:00.0000000,2020-03-07 16:19:58.0000000,219
219,@2truelife Please log a call on MyEskom Customer App https://t.co/99xBTCodMz . The app provides a reference number.,2019-12-04 00:00:00.0000000,2020-03-07 15:31:34.0000000,220
220,"#POWERALERT 2
Date: 05 December 2019

Stage 2 loadshedding from 16:00 today @ewnupdates
@SABCNewsOnline @IOL… https://t.co/nkzTm0CRKk",2019-12-05 00:00:00.0000000,2020-03-07 13:32:57.0000000,221
221,"@AlgoaFMNews That was this morning.  The situation has changed. 

Eskom regrets that Stage 2  loadshedding will be… https://t.co/wOIifAUt0o",2019-12-05 00:00:00.0000000,2020-03-07 13:06:15.0000000,222
222,"#PowerAlert

Eskom regrets that Stage 2  loadshedding will be implemented from 16:00 to 23:00 today due to a shorta… https://t.co/ySoz5GiCGN",2019-12-05 00:00:00.0000000,2020-03-07 13:01:46.0000000,223
223,"#EskomDevelopmentFoundation #MediaStatement

 Eskom gives small businesses a boost @SABCNewsOnline @IOL @eNCA… https://t.co/aXf3naxHh2",2019-12-05 00:00:00.0000000,2020-03-07 12:50:01.0000000,224
224,"#EskomGauteng #MediaStatement

Illegal operators cause more power outages in Orange Farm @SABCNewsOnline
@IOL… https://t.co/laOiARJFko",2019-12-05 00:00:00.0000000,2020-03-07 12:37:35.0000000,225
225,Read and share: #ElectricitySafety tips on how to prevent electrical fires.#SaveALife #SaveAChild Eskom Cares about… https://t.co/OP8l4Id6H2,2019-12-05 00:00:00.0000000,2020-03-07 12:22:04.0000000,226
226,@Omfile Please provide reference number for follow up,2019-12-05 00:00:00.0000000,2020-03-07 11:13:04.0000000,227
227,RT @EskomFoundation: “Life is full of storms and if you don’t have the right foundation and roots; iLife izoqeda ngawe.”- @SimonMtsukiSays…,2019-12-05 00:00:00.0000000,2020-03-07 10:30:52.0000000,228
228,"RT @EskomFoundation: 2016 #SimamRanta winner Nombulele Ntakakazi sharing her words of wisdom to the learners. 
@EWETian @Eskom_SA 
#SimamaR…",2019-12-05 00:00:00.0000000,2020-03-07 10:30:44.0000000,229
229,@nduvho_dj Please log a call on MyEskom Customer App https://t.co/99xBTCodMz . The app provides a reference number.,2019-12-05 00:00:00.0000000,2020-03-07 10:30:22.0000000,230
230,"There are many dangers to consider when working under powerlines.
Tips to consider:

👉Always assume powerlines are… https://t.co/CRRjJj0S2W",2019-12-05 00:00:00.0000000,2020-03-07 10:07:34.0000000,231
231,"RT @EskomFoundation: “I don’t look at other fashion brands as competitors but as compliments.” 

-@TshepoJeans during The Q&amp;A session. 
#si…",2019-12-05 00:00:00.0000000,2020-03-07 10:02:31.0000000,232
232,@ntombik3 https://t.co/xbSP8U6q69,2019-12-05 00:00:00.0000000,2020-03-07 09:56:46.0000000,233
233,"RT @EskomFoundation: Athi giving the learners a piece of  magic involved in making the quality @TshepoJeans. 
#SimamaRanta2019 @EWETian @Es…",2019-12-05 00:00:00.0000000,2020-03-07 09:56:15.0000000,234
234,"RT @EskomFoundation: This experiential tour is definitely a hands on experience too. 
The learners are getting to learn how it feels to be…",2019-12-05 00:00:00.0000000,2020-03-07 09:56:08.0000000,235
235,"RT @EskomFoundation: The time for a tour around the factory has come and the #SimamaRanta2019 finalists are engaging with @TshepoJeans.
@Es…",2019-12-05 00:00:00.0000000,2020-03-07 09:55:58.0000000,236
236,"RT @EskomFoundation: .@TshepoJeans has got the young minds engaged and looking forward to seeing how his business runs. 
#SimamaRanta2019 h…",2019-12-05 00:00:00.0000000,2020-03-07 09:55:52.0000000,237
237,"RT @EskomFoundation: The tour with the learners has started. Tune in as @TshepoJeans tells how the idea to make jeans came about.
#SimamaRa…",2019-12-05 00:00:00.0000000,2020-03-07 09:55:42.0000000,238
238,RT @CityPowerJhb: #BryanstonPlannedOutage in progress until 17:00. Please note that is necessary to do essential maintenance work on our ne…,2019-12-05 00:00:00.0000000,2020-03-07 09:18:42.0000000,239
239,"RT @EskomFoundation: .@SimonMtsukiSays giving the learners the @TshepoJeans story. 
#SimamaRanta2019 https://t.co/6cuKlfkrsv",2019-12-05 00:00:00.0000000,2020-03-07 09:13:52.0000000,240
240,RT @CityPowerJhb: ⚠️ALERT : Please note that our fault logging system will be undergoing an urgent maintenance on the 7th Dec 2019. The mai…,2019-12-05 00:00:00.0000000,2020-03-07 08:20:59.0000000,241
241,"Prepaid pricing is based on usage/ consumption rate.

For comprehensive information about how """"Prepaid electricity""""… https://t.co/TgQBZfon14",2019-12-05 00:00:00.0000000,2020-03-07 08:20:32.0000000,242
242,"#POWERALERT 1
Date: 05 December 2019

No loadshedding expected today, despite a constrained and vulnerable system https://t.co/LCTtkGviVH",2019-12-05 00:00:00.0000000,2020-03-07 08:15:50.0000000,243
243,@Moses_Maibelo @CityPowerJhb Technicians dispatched to resolve issue,2019-12-05 00:00:00.0000000,2020-03-07 08:00:01.0000000,244
244,RT @EskomFoundation: The rest of the teachers and learners have made their way to the meeting area and are ready for a day jam packed with…,2019-12-05 00:00:00.0000000,2020-03-07 07:48:04.0000000,245
245,@GaltCraig Is the area not supplied by @eThekwiniM? If so please contact them.  If supplied by Eskom please report… https://t.co/mbbU0IAzNv,2019-12-05 00:00:00.0000000,2020-03-07 07:47:56.0000000,246
246,@RichnationZA This may help.  Particularly point 2 https://t.co/K9byNl1B8G,2019-12-05 00:00:00.0000000,2020-03-07 07:46:46.0000000,247
247,"RT @EskomFoundation: All roads lead to Victoria Yards, the #SimamaRanta2019 finalists can't wait to arrive and get down to business with @T…",2019-12-05 00:00:00.0000000,2020-03-07 07:45:33.0000000,248
248,RT @Exposcience: #WednesdayWisdom #EskomExpoISF bronze winners Raquel Knott &amp; Michelle Brown from Kingswood College developed a biodegradab…,2019-12-04 00:00:00.0000000,2020-03-07 14:16:00.0000000,249
249,"Follow these tips to stay safe during &amp; after a storm

- Never use electric appliances or touch electric wires, swi… https://t.co/Bm8XWAvpZS",2019-12-04 00:00:00.0000000,2020-03-07 12:25:26.0000000,250
250,"RT @CityPowerJhb: UPDATE:#Bryanstonplanned outage:
Region B 
Be notified of a planned power interruption tomorrow the 5th of December 2019…",2019-12-04 00:00:00.0000000,2020-03-07 12:11:44.0000000,251
251,"#EskomDevelopmentFoundation #MediaStatement

Eskom honours learner entrepreneurs
2019 Simama Ranta Awards lauded a… https://t.co/6R0VfzqWiV",2019-12-04 00:00:00.0000000,2020-03-07 11:27:47.0000000,252
252,"@Moin7601 @MyBuccleuch @DAGauteng @CouncillorNKOMO Morningside CNC: Buccleuch / Kangaroo 11kV  Bkr off at 02h58,  a… https://t.co/RYWpId6nKG",2019-12-04 00:00:00.0000000,2020-03-07 11:06:49.0000000,253
253,"@lulekamtongana Morningside CNC: Buccleuch / Kangaroo 11kV  Bkr off at 02h58,  attempted cable theft , eca 617, tsu… https://t.co/cb9seWgtRo",2019-12-04 00:00:00.0000000,2020-03-07 11:06:49.0000000,254
254,"#EskomNorthWest #MediaStatement

 4 December 2019

Eskom to commence power supply interruption to Naledi Local Muni… https://t.co/HBQXzU2Jt4",2019-12-04 00:00:00.0000000,2020-03-07 10:05:06.0000000,255
255,"RT @Exposcience: #EskomExpoISF For #WorldWildlifeConservationDay today, Thabiso Moifo from Jane Furse Comprehensive School aimed to create…",2019-12-04 00:00:00.0000000,2020-03-07 09:16:32.0000000,256
256,Did you know that repurposing appliances and using them outside of their original purpose can endanger your life. F… https://t.co/wbbzlWsTrt,2019-12-04 00:00:00.0000000,2020-03-07 08:45:17.0000000,257
257,"RT @CityPowerJhb: Reminder:#OntdekkersparkPlannedOutage:
Region C
Ref 9036368

Kindly be reminded of planned power interruption on Sunday t…",2019-12-04 00:00:00.0000000,2020-03-07 07:32:27.0000000,258
258,"#POWERALERT 1
Date: 04 December 2019

No loadshedding expected today, despite a constrained and vulnerable system https://t.co/eFwlXmwGEo",2019-12-04 00:00:00.0000000,2020-03-07 07:25:48.0000000,259
259,"Prepaid pricing is based on usage/ consumption rate.
For comprehensive information about how """"Prepaid electricity""""… https://t.co/Yf4oo2QuIW",2019-12-04 00:00:00.0000000,2020-03-07 06:53:28.0000000,260
260,"RT @EskomFoundation: Congratulations to the big winners of the night, Limpopo province. Coming out on top as the overall competition winner…",2019-12-03 00:00:00.0000000,2020-03-07 19:54:49.0000000,261
261,"RT @EskomFoundation: Congratulations to the Provincial Winners from the following schools: 
Mpumalanga - Ubuhlebethu Secondary School
North…",2019-12-03 00:00:00.0000000,2020-03-07 19:54:45.0000000,262
262,"RT @EskomFoundation: Congratulations to the Provincial Winners from the following schools: 
Eastern Cape - Mpambani Mzimba High School
Free…",2019-12-03 00:00:00.0000000,2020-03-07 19:54:41.0000000,263
263,There are several procurement and recruitment scams resurfacing - Eskom wishes to warn the public about these scams… https://t.co/vtsEQ9bq90,2019-12-03 00:00:00.0000000,2020-03-07 19:34:16.0000000,264
264,"RT @EskomFoundation: “We see learners that are more focused, confident, learners who are job and wealth creators. That is the type of learn…",2019-12-03 00:00:00.0000000,2020-03-07 18:07:50.0000000,265
265,"RT @EskomFoundation: “We often think that the things that happen in our environment do not relate to us, but they do. We need people who wi…",2019-12-03 00:00:00.0000000,2020-03-07 17:53:52.0000000,266
266,RT @EskomFoundation: We're officially open and welcome you to the prize-giving ceremony of the 2019 Eskom Foundation #SimamaRanta2019 Schoo…,2019-12-03 00:00:00.0000000,2020-03-07 17:45:27.0000000,267
267,RT @EskomFoundation: Count down to the #SimamaRanta2019 Awards has begun. We don't know about you but we're just as excited as #NombuleloNt…,2019-12-03 00:00:00.0000000,2020-03-07 16:46:49.0000000,268
268,"RT @EskomFoundation: Tonight we start at the grassroots with #SimamaRanta2019 which means """"The youth empowering the South African economy"""".…",2019-12-03 00:00:00.0000000,2020-03-07 16:29:17.0000000,269
269,Register on our Eskom web Site (https://t.co/u47wXV2s27) or on our Mobile MyEskom Customer App (Available in the IO… https://t.co/koPuoA6MVN,2019-12-03 00:00:00.0000000,2020-03-07 16:21:44.0000000,270
270,@sellojms Please provide your reference number,2019-12-03 00:00:00.0000000,2020-03-07 12:31:16.0000000,271
271,"Customers with new prepaid meters must ensure that their meters are registered for it to work. To do so, go to an E… https://t.co/Mlx0lOsoce",2019-12-03 00:00:00.0000000,2020-03-07 12:30:56.0000000,272
272,"Follow these lightning tips to keep your family safe during a storm:

- Stay away from windows
- If possible, unplu… https://t.co/Loh5fFiXMT",2019-12-03 00:00:00.0000000,2020-03-07 10:49:59.0000000,273
273,@lindiekoorts Please provide your address so we can urgently assist,2019-12-03 00:00:00.0000000,2020-03-07 09:40:53.0000000,274
274,@mashiyanef @CityofJoburgZA Escalated for assistance,2019-12-03 00:00:00.0000000,2020-03-07 09:19:28.0000000,275
275,@raywhitesa We understand that you have been assisted this morning.  Please confirm,2019-12-03 00:00:00.0000000,2020-03-07 09:18:55.0000000,276
276,@lindiekoorts Has this been reported to Customer Services for urgent attention?,2019-12-03 00:00:00.0000000,2020-03-07 09:16:08.0000000,277
277,"This week @EskomFoundation will be hosting its new flagship event, The #EskomBusinessConnect, alongside the… https://t.co/9kUhLlnf2Y",2019-12-03 00:00:00.0000000,2020-03-07 08:32:26.0000000,278
278,"To register a meter, visit an Eskom office with the ID number of the person in whose name the meter is to be regist… https://t.co/UuZ4pWB2K3",2019-12-02 00:00:00.0000000,2020-03-07 08:38:07.0000000,279
279,RT @Exposcience: DAY 2: Eskom Expo for Young Scientists in Gauteng is hosting a science camp at @go2uj's Soweto Campus today. The camp aims…,2019-12-03 00:00:00.0000000,2020-03-07 07:36:30.0000000,280
280,Audits and dismantling of illegal structures continue in #EskomKZN. Teams were busy in Camperdown and Mzingazi.… https://t.co/RuZGNVgZux,2019-12-03 00:00:00.0000000,2020-03-07 07:27:23.0000000,281
281,"RT @EskomFoundation: This week we'll be hosting our new flagship event, The #EskomBusinessConnect, alongside the #SimamaRanta2019 and #Esko…",2019-12-02 00:00:00.0000000,2020-03-07 08:04:19.0000000,282
282,"#POWERALERT 1
Date: 03 December 2019

No loadshedding expected today, despite a constrained and vulnerable system https://t.co/mIa5tgBoNj",2019-12-03 00:00:00.0000000,2020-03-07 07:04:57.0000000,283
283,Be #EnergyEfficient at work and #UseElectricitySmartly https://t.co/HSiZ5LUKt4,2019-12-03 00:00:00.0000000,2020-03-07 06:32:23.0000000,284
284,@raywhitesa Will escalate to Customer Services,2019-12-02 00:00:00.0000000,2020-03-07 16:54:47.0000000,285
285,@ashveersingh06 @eThekwiniM Your area is supplied by @eThekwiniM - please enquire with them,2019-12-02 00:00:00.0000000,2020-03-07 16:53:39.0000000,286
286,"Cable theft/illegal connections are the biggest problem in communities as it creates an unsafe environment, especia… https://t.co/TV8dQrzT2D",2019-12-02 00:00:00.0000000,2020-03-07 16:13:38.0000000,287
287,@raywhitesa Do you have a reference number for your application?,2019-12-02 00:00:00.0000000,2020-03-07 15:04:24.0000000,288
288,"RT @Exposcience: In honour of #SpecialEducationDay today, meet Caroline Boshoff from Cape Recife High School in Port Elizabeth, Eastern Cap…",2019-12-02 00:00:00.0000000,2020-03-07 15:03:38.0000000,289
289,RT @Exposcience: #MondayMotivation David Caleb Kiragu and Ezekiel Lukhanda from Eshikulu School in Kenya's #EskomExpoISF project entails a…,2019-12-02 00:00:00.0000000,2020-03-07 07:23:23.0000000,290
290,"#POWERALERT 1
Date: 02 December 2019

No loadshedding expected today, despite a constrained and vulnerable system https://t.co/oGTGnDGYuF",2019-12-02 00:00:00.0000000,2020-03-07 07:13:43.0000000,291
291,This Summer #UseElectricitySmartly! Be #EnergyEfficient and save electricity and costs with these useful tips 👇🏽 https://t.co/lYmr9sFlqQ,2019-12-02 00:00:00.0000000,2020-03-07 12:47:56.0000000,292
292,"RT @Exposcience: #EskomExpoISF Will you be taking part in Eskom Expo in 2020? Remember, it is compulsory to write a Research Plan - which s…",2019-12-02 00:00:00.0000000,2020-03-07 11:44:56.0000000,293
293,"RT @Exposcience: #EskomExpoISF participant Sanele Nyezi speaks to the Gauteng South science camp learners about his project """"Solar powered…",2019-12-02 00:00:00.0000000,2020-03-07 10:52:03.0000000,294
294,"#ESKOMFREESTATE #MEDIASTATEMENT

ESKOM REACHES PAYMENT AGREEMENT WITH MANTSOPA, SUSPENDS INTERRUPTIONS https://t.co/rUcWBTYGsj",2019-12-02 00:00:00.0000000,2020-03-07 10:22:15.0000000,295
295,"As you prepare for the week ahead, remember that the peak period for electricity in South Africa is between 17:00 a… https://t.co/EEO3j4BvK2",2019-12-01 00:00:00.0000000,2020-03-07 16:06:56.0000000,296
296,RT @Exposcience: Njabulo Masuku &amp; Keneilwe Msimango from M.L. Nkuna High aimed to recognise the importance of plants for medicinal and econ…,2019-12-01 00:00:00.0000000,2020-03-07 15:20:16.0000000,297
297,"@TheSAnews #POWERALERT 1
Date: 01 December 2019

No loadshedding expected today, despite a constrained and vulnerab… https://t.co/pc7dgOLckW",2019-12-01 00:00:00.0000000,2020-03-07 13:02:38.0000000,298
298,@PrimalD The area is supplied by @City_Ekurhuleni - please direct your query to them,2019-12-02 00:00:00.0000000,2020-03-07 08:00:30.0000000,299
299,RT @Exposcience: Eskom Expo for Young Scientists in Gauteng South is hosting a science camp at @go2uj's Soweto Campus today. The camp aims…,2019-12-02 00:00:00.0000000,2020-03-07 07:57:04.0000000,300
300,"DYK that Eskom's Sere Wind Farm powers a total of 124 000 standard homes?  

#Eskom PoweringYourWorld through… https://t.co/kAaBGG6Bjw",2019-12-01 00:00:00.0000000,2020-03-07 10:20:32.0000000,301
301,"#POWERALERT 1
Date: 01 December 2019

No loadshedding expected today, despite a constrained and vulnerable system https://t.co/j40wwvebf4",2019-12-01 00:00:00.0000000,2020-03-07 06:48:44.0000000,302
302,"Illegal  electricity tokens/vouchers don't register on the Eskom system and as a result, your account will reflect… https://t.co/Pzn1k5oA5t",2019-12-02 00:00:00.0000000,2020-03-07 06:47:29.0000000,303
303,DYK that you can manage your Eskom account from your mobile device?  Download MyEskom Customer App https://t.co/Z6RO8tAzrB …,2019-12-01 00:00:00.0000000,2020-03-07 14:20:53.0000000,304
304,SA's theme for World AIDS Day 2019 is “Communities make the Difference: Cheka Impilo” which emphasises the role of… https://t.co/5AFJgQyh49,2019-12-01 00:00:00.0000000,2020-03-07 07:04:14.0000000,305
305,"#ESKOMFREESTATE #MEDIASTATEMENT

RESPONSE TO MANGAUNG METRO’S STATEMENT ON THE OUTCOME OF 
THE MEETING BETWEEN ESKO… https://t.co/lFQ3YparJK",2019-11-28 00:00:00.0000000,2020-03-07 17:23:01.0000000,306
306,@mehnaazpatel @CityPowerJhb @City_Ekurhuleni @CityTshwane @CityofCT @eThekwiniM @SABCNewsOnline @ewnupdates @IOL… https://t.co/Hnp8Wa4YVL,2019-12-05 00:00:00.0000000,2020-03-07 13:24:35.0000000,307
307,"Eskom group interim results for the six months ended 30 September 2019 presentation by Eskom CFO, Calib Cassim… https://t.co/scqwUcM1W6",2019-11-28 00:00:00.0000000,2020-03-07 12:53:41.0000000,308
308,"#JabuMabuza : While we continue to face operational and financial challenges, for the interim reporting period endi… https://t.co/fVSOHBXJjn",2019-11-28 00:00:00.0000000,2020-03-07 12:29:29.0000000,309
309,"#EskomGauteng #MediaStatement

Eskom postpones decision to interrupt supply to Randwest Local 
Municipality… https://t.co/BoMNsorKIV",2019-12-05 00:00:00.0000000,2020-03-07 06:40:04.0000000,310
310,Of equal importance is the approval by government of the Special Appropriation Act which will provide for governmen… https://t.co/woh7dxGHhi,2019-11-28 00:00:00.0000000,2020-03-07 12:20:29.0000000,311
311,Eskom prepaid customers are requested to direct all prepaid queries including meter error codes &amp; faults to Custome… https://t.co/qUqfFOgN3p,2019-12-05 00:00:00.0000000,2020-03-07 06:29:38.0000000,312
312,The office of the CRO has been set up to work with govt in finding a sustainable solution to our debt problems. We… https://t.co/p466rxeFxq,2019-11-28 00:00:00.0000000,2020-03-07 12:19:13.0000000,313
313,"RT @EskomFoundation: """"Having a seat at the table is not enough, we want to have what is being served at that table."""" 

-@HulisaniRavele 
#E…",2019-12-04 00:00:00.0000000,2020-03-07 17:42:29.0000000,314
314,"Saving electricity at home has become increasingly important in recent years, as excess use can contribute to globa… https://t.co/2FQjFUEKBV",2019-12-04 00:00:00.0000000,2020-03-07 14:22:48.0000000,315
315,The appointment of the GCE of Eskom brings further leadership stability to our business and enables us to advance t… https://t.co/nVmEx909UV,2019-11-28 00:00:00.0000000,2020-03-07 12:16:21.0000000,316
316,The public are urged not to build dwellings under power lines as they are putting people &amp; possessions at serious r… https://t.co/xIfivQBjAE,2019-12-04 00:00:00.0000000,2020-03-07 10:56:47.0000000,317
317,"RT @EskomFoundation: """"I am happy to see so many young people here with us who are NOT waiting for hand-outs; who are taking their future in…",2019-12-03 00:00:00.0000000,2020-03-07 17:46:11.0000000,318
318,"#JabuMabuza: Since we shared our annual results in July, there have been some notable developments and key mileston… https://t.co/N0DTlrHapQ",2019-11-28 00:00:00.0000000,2020-03-07 12:12:18.0000000,319
319,"RT @CityPowerJhb: UPDATE: Hopefield Distributor tripped, Affected area: Lawley 2 and surrounding, Technicians are dispatched to work on res…",2019-11-28 00:00:00.0000000,2020-03-07 10:04:48.0000000,320
320,"#EskomGauteng has heightened the safety and revenue collection drive by conducting audits, removing illegal connect… https://t.co/lcIDlqqRcr",2019-12-03 00:00:00.0000000,2020-03-07 07:44:45.0000000,321
321,#EskomGauteng is aware of a power supply interruption affecting customers in Buccleuch. Technicians are on site. Th… https://t.co/RdsJqgnfen,2019-12-03 00:00:00.0000000,2020-03-07 07:25:15.0000000,322
322,"RT @Exposcience: The SKA, funded by 13 nations from around the world, will eventually consist of thousands of dishes scattered across south…",2019-11-28 00:00:00.0000000,2020-03-07 09:21:11.0000000,323
323,Our booklet on electricity tarrifs can help Eskom customers better understand the prepaid tariff structure for resi… https://t.co/TwQhvgGJ0K,2019-12-02 00:00:00.0000000,2020-03-07 15:03:22.0000000,324
324,#JabuMabuza: We always endeavour to keep our stakeholders and fellow South Africans reliably informed about our bus… https://t.co/d1FIDsCfLO,2019-11-28 00:00:00.0000000,2020-03-07 12:09:44.0000000,325
325,"RT @Exposcience: Eskom Expo for Young Scientists in Gauteng hosts a science camp at Jiyana Secondary School in Tembisa today, and will move…",2019-11-27 00:00:00.0000000,2020-03-07 16:11:03.0000000,326
326,"#EskomFreeState #MediaStatement 

MAFUBE LOCAL MUNICIPALITY AVERTS SUPPLY INTERRUPTION @OFM9497 @News24… https://t.co/41uV4hxn6p",2019-12-02 00:00:00.0000000,2020-03-07 13:37:36.0000000,327
327,Eskom wishes to warn the public about recruitment scams. Eskom vacancies are advertised on our website… https://t.co/AEyyNYzKKm,2019-11-27 00:00:00.0000000,2020-03-07 14:18:21.0000000,328
328,RT @Exposcience: #InTheNews Schweizer-Reneke pupil Farida Cajee shines with 'mind-controlled 3D-printed prosthetic hand' https://t.co/10ow6…,2019-12-02 00:00:00.0000000,2020-03-07 09:14:16.0000000,329
329,"@plussizewomenSA @JacksonMthembu_ @lelo_taka Good day, pls send us a reference number so that we can follow up.  If… https://t.co/t35lNfTyHE",2019-11-27 00:00:00.0000000,2020-03-07 09:04:44.0000000,330
330,"#EskomNorthWest to conduct an interactive presentation on """"How to do business with Eskom"""". See below invitation 👇👇👇 https://t.co/UKfwi1dykz",2019-11-26 00:00:00.0000000,2020-03-07 10:15:27.0000000,331
331,"#EskomGauteng:Update Sandton Outage

Supply has been restored in Sandown, Parkmore &amp; surrounding areas. If your pow… https://t.co/TI2PJc4xGJ",2019-11-28 00:00:00.0000000,2020-03-07 08:00:15.0000000,332
332,How to contact #Eskom for service: https://t.co/rqEWV3k7OC https://t.co/oQHyIUgyca,2019-11-27 00:00:00.0000000,2020-03-07 16:10:14.0000000,333
